{
  "marketing_stripe": {
    "text": "Os melhores Brinquedos educativos e pedagógicos você encontra aqui! ",
    "link": ""
  },
  "contacts_stripe": {
    "pages": [
      {
        "title": "Sobre nós",
        "link": "/pages/sobre-nos"
      }
    ],
    "phone_wpp": true,
    "socials": true
  },
  "categories_list": {
    "featured": [
      "/novidades?NOVIDADES"
    ],
    "random": 6,
    "full_width": true
  },
  "desktop_megamenu": false,
  "search_input": true,
  "alphabetical_order_submenu": true,
  "full_width_submenu": true
}