{
  "meta_title": "",
  "meta_description": "",
  "sections": [
    {
      "type": "banner-slider",
      "autoplay": 9000,
      "full_width": false,
      "slides": [
        {
          "start": "",
          "end": "",
          "img": "/img/uploads/5.png",
          "mobile_img": "/img/uploads/5.png"
        },
        {
          "start": "",
          "end": "",
          "img": "/img/uploads/3.png",
          "mobile_img": "/img/uploads/3.png"
        }
      ]
    },
    {
      "type": "info-bar",
      "enabled": true
    },
    {
      "type": "collection-shelf",
      "shuffle": true,
      "collection_id": null,
      "sort": "news",
      "title": "NOVIDADES",
      "headless": false,
      "limit": 12,
      "page": 2
    },
    {
      "type": "dynamic-showcase",
      "load_more": true,
      "sort": "news"
    },
    {
      "type": "page-title",
      "title": "Brinquedos Brink Ben",
      "description": "Loja especializada em brinquedos e jogos educativos. Aqui você encontra estímulos para diversas fases do desenvolvimento das crianças."
    }
  ]
}
